Timestamp;Force Z;Comments;
0;-0.77;;
6;-2.42;;
11;-0.39;;
17;-0.79;;
23;-1.08;;
29;-0.85;;
34;0.04;;
40;-0.37;;
46;-0.02;;
52;-1.47;;
57;-0.48;;
63;-0.66;;
69;-2.28;;
74;-0.95;;
80;-1.41;;
86;-1.53;;
92;-1.22;;
97;-1.51;;
103;-1.86;;
109;-1.51;;
115;-1.92;;
120;-0.25;;
126;-0.71;;
132;-0.43;;
137;-1.12;;
143;-1.06;;
149;-0.33;;
155;-1.49;;
160;-0.97;;
166;-0.91;;
172;0.08;;
178;-1.03;;
183;-0.56;;
189;-1.55;;
195;-0.74;;
200;-0.39;;
206;-1.51;;
212;-0.70;;
218;-0.99;;
223;-1.63;;
229;-1.05;;
235;-1.76;;
241;-0.95;;
246;-0.77;;
252;-0.77;;
258;-0.77;;
263;-0.08;;
269;-0.54;;
275;-0.19;;
281;0.10;;
286;0.50;;
292;-0.54;;
298;-0.54;;
304;0.27;;
309;0.04;;
315;0.04;;
321;-0.39;;
326;-1.26;;
332;-0.91;;
338;-0.62;;
344;-0.56;;
349;-0.54;;
355;-0.95;;
361;-0.77;;
367;-1.24;;
372;-0.37;;
378;-1.04;;
384;-0.81;;
389;0.52;;
395;-0.64;;
401;-0.58;;
407;-0.95;;
412;-1.29;;
418;-1.18;;
424;-2.63;;
429;-1.06;;
435;-0.53;;
441;-1.16;;
447;-0.93;;
452;-0.70;;
458;-1.05;;
464;-1.37;;
470;-0.62;;
475;-0.68;;
481;-0.68;;
487;-2.24;;
492;-0.43;;
498;-0.95;;
504;-0.83;;
510;-1.58;;
515;-0.66;;
521;-0.79;;
527;-0.45;;
533;-0.50;;
538;-0.21;;
544;-0.39;;
550;-2.73;;
555;-0.64;;
561;-0.53;;
567;-0.18;;
573;-0.70;;
578;0.27;;
584;-0.83;;
590;-0.37;;
596;-1.24;;
601;-0.25;;
607;0.42;;
613;-0.85;;
618;-0.39;;
624;-0.39;;
630;-0.74;;
636;-0.85;;
641;-1.03;;
647;-0.97;;
653;-0.91;;
659;-0.04;;
664;0.10;;
670;-0.71;;
676;-0.48;;
681;-0.66;;
687;-0.37;;
693;-0.48;;
699;-0.43;;
704;0.33;;
710;-0.14;;
716;-0.19;;
722;0.21;;
727;-0.54;;
733;-0.48;;
739;0.39;;
744;-0.25;;
750;0.56;;
756;-0.14;;
762;0.27;;
767;-0.48;;
773;-0.02;;
779;0.62;;
785;0.85;;
790;-0.77;;
796;-0.89;;
802;-0.60;;
807;-0.37;;
813;-0.08;;
819;-0.31;;
825;-0.31;;
830;-0.48;;
836;-0.46;;
842;-0.46;;
848;-0.64;;
853;-0.06;;
859;-0.11;;
865;-0.41;;
870;-0.70;;
876;-0.35;;
882;0.23;;
888;-0.06;;
893;-0.56;;
899;-0.21;;
905;0.19;;
911;-0.45;;
916;-0.33;;
922;-0.45;;
928;-1.08;;
933;-1.37;;
939;-1.55;;
945;-1.72;;
951;-1.03;;
956;-0.74;;
962;-0.85;;
968;-0.45;;
974;-0.74;;
979;-0.52;;
985;-0.87;;
991;-1.10;;
996;-1.16;;
1002;-0.52;;
1008;-1.37;;
1014;-2.24;;
1019;-1.32;;
1025;-2.01;;
1031;-1.37;;
1037;-0.37;;
1042;-1.00;;
1048;-1.00;;
1054;-1.12;;
1059;-0.66;;
1065;-0.77;;
1071;0.39;;
1077;-1.00;;
1082;-1.18;;
1088;-0.83;;
1094;-0.83;;
1100;-0.77;;
1105;-0.48;;
1111;-1.00;;
1117;-1.24;;
1122;-1.26;;
1128;-1.03;;
1134;-0.10;;
1140;0.13;;
1145;-0.79;;
1151;0.10;;
1157;-0.48;;
1162;-0.54;;
1168;-0.48;;
1174;-1.24;;
1180;-0.54;;
1185;0.15;;
1191;0.21;;
1197;-0.31;;
1203;-0.60;;
1208;-0.91;;
1214;-1.43;;
1220;-2.88;;
1225;-0.97;;
1231;-0.74;;
1237;-0.77;;
1243;-0.37;;
1248;-0.37;;
1254;-0.08;;
1260;-0.89;;
1266;-0.50;;
1271;-0.45;;
1277;-1.43;;
1283;-2.01;;
1288;0.31;;
1294;-0.45;;
1300;-0.33;;
1306;-1.08;;
1311;-0.68;;
1317;-0.62;;
1323;0.08;;
1329;-0.16;;
1334;0.36;;
1340;0.89;;
1346;-1.95;;
1351;-0.33;;
1357;-0.85;;
1363;-0.79;;
1369;-0.16;;
1374;-0.56;;
1380;-0.90;;
1386;-0.38;;
1392;0.02;;
1397;-0.56;;
1403;-1.02;;
1409;-1.58;;
1414;-0.31;;
1420;-0.43;;
1426;-0.43;;
1432;-0.02;;
1437;0.48;;
1443;-0.45;;
1449;-0.16;;
1455;-0.33;;
1460;-0.33;;
1466;0.27;;
1472;-0.02;;
1477;0.27;;
1483;0.04;;
1489;-0.66;;
1495;-0.16;;
1500;-0.10;;
1506;-1.66;;
1512;-1.03;;
1518;-0.85;;
1523;-0.14;;
1529;-0.25;;
1535;-0.19;;
1540;-1.06;;
1546;-0.77;;
1552;0.04;;
1558;-0.14;;
1563;0.04;;
1569;-0.95;;
1575;-0.48;;
1581;-0.27;;
1586;-0.50;;
1592;-1.08;;
1598;-0.68;;
1603;-0.21;;
1609;-0.60;;
1615;-0.48;;
1621;-0.60;;
1626;-0.19;;
1632;-0.31;;
1638;-0.71;;
1644;-0.37;;
1649;-0.31;;
1655;-1.24;;
1661;-0.02;;
1666;0.04;;
1672;-0.14;;
1678;-0.66;;
1684;-0.31;;
1689;0.10;;
1695;-0.37;;
1701;-0.25;;
1707;-0.43;;
1712;-0.43;;
1718;-0.19;;
1724;0.27;;
1729;-0.54;;
1735;-1.18;;
1741;-0.71;;
1747;-0.37;;
1752;-0.24;;
1758;-0.58;;
1764;-0.76;;
1770;-0.64;;
1775;-1.45;;
1781;-0.75;;
1787;-0.23;;
1792;-0.46;;
1798;-1.39;;
1804;-0.58;;
1810;-1.45;;
1815;-1.57;;
1821;-1.34;;
1827;-1.68;;
1833;-2.79;;
1838;-1.93;;
1844;-2.22;;
1850;-0.89;;
1855;-1.29;;
1861;-0.14;;
1867;-0.91;;
1873;-1.78;;
1878;-1.61;;
1884;-1.26;;
1890;-0.68;;
1896;-0.68;;
1901;-0.27;;
1907;-0.62;;
1913;-0.85;;
1918;-0.79;;
1924;-0.25;;
1930;-0.37;;
1936;-0.19;;
1941;-0.71;;
1947;-0.89;;
1953;-0.19;;
1958;-0.71;;
1964;-0.71;;
1970;-0.48;;
1976;-1.18;;
1981;-1.20;;
1987;-0.97;;
1993;-0.39;;
1999;-1.08;;
2004;-0.56;;
2010;-1.05;;
2016;-2.79;;
2021;-1.39;;
2027;-1.05;;
2033;-0.70;;
2039;0.52;;
2044;0.12;;
2050;-0.46;;
2056;-0.29;;
2062;-0.46;;
2067;0.00;;
2073;-0.06;;
2079;-0.46;;
2084;-0.81;;
2090;-0.11;;
2096;-0.16;;
2102;-0.97;;
2107;-0.33;;
2113;-0.39;;
2119;-0.56;;
2125;-0.25;;
2130;-0.31;;
2136;-0.31;;
2142;-0.08;;
2147;-0.25;;
2153;-0.04;;
2159;-0.39;;
2165;-0.45;;
2170;-0.50;;
2176;-0.39;;
2182;-0.71;;
2188;-0.54;;
2193;0.04;;
2199;-0.43;;
2205;-0.43;;
2210;0.25;;
2216;-0.74;;
2222;-0.62;;
2228;-0.45;;
2233;0.13;;
2239;0.46;;
2245;0.34;;
2251;0.81;;
2256;0.58;;
2262;-0.06;;
2268;-0.75;;
2273;-0.29;;
2279;-0.17;;
2285;0.75;;
2291;-0.11;;
2296;0.25;;
2302;-0.04;;
2308;-1.14;;
2314;-0.85;;
2319;-0.27;;
2325;0.33;;
2331;0.62;;
2336;-0.31;;
2342;0.62;;
2348;0.91;;
2354;1.14;;
2359;-0.02;;
2365;0.50;;
2371;-1.99;;
2376;0.68;;
2382;-0.50;;
2388;-0.68;;
2394;-0.50;;
2399;-0.74;;
2405;-0.16;;
2411;-0.37;;
2417;0.44;;
2422;0.15;;
2428;0.56;;
2434;-0.60;;
2439;-0.10;;
2445;0.25;;
2451;-0.21;;
2457;-0.21;;
2462;0.08;;
2468;0.48;;
2474;0.77;;
2480;0.71;;
2485;-0.62;;
2491;0.25;;
2497;-0.08;;
2502;0.68;;
2508;-0.31;;
2514;-0.08;;
2520;-0.43;;
2525;-0.14;;
2531;-0.25;;
2537;-0.25;;
2543;-0.08;;
2548;-0.02;;
2554;-0.04;;
2560;-0.27;;
2565;-0.91;;
2571;-0.62;;
2577;0.94;;
2583;0.04;;
2588;0.27;;
2594;-0.02;;
2600;-0.54;;
2606;0.15;;
2611;0.02;;
2617;0.19;;
2623;0.19;;
2628;0.77;;
2634;-0.91;;
2640;-0.16;;
2646;0.42;;
2651;-0.27;;
2657;-0.10;;
2663;0.08;;
2669;-0.54;;
2674;0.15;;
2680;0.39;;
2686;-0.25;;
2691;-0.48;;
2697;-0.39;;
2703;-0.10;;
2709;-0.04;;
2714;-0.16;;
2720;-0.33;;
2726;-0.79;;
2732;-0.16;;
2737;-0.62;;
2743;-0.79;;
2749;-0.97;;
2754;-0.68;;
2760;-0.91;;
2766;-0.21;;
2772;0.13;;
2777;-0.27;;
2783;-0.58;;
2789;-0.18;;
2795;-0.24;;
2800;0.11;;
2806;-0.29;;
2812;-0.70;;
2817;-0.81;;
2823;-0.70;;
2829;0.00;;
2835;-1.05;;
2840;-0.52;;
2846;-0.69;;
2852;-1.27;;
2858;-0.52;;
2863;-0.35;;
2869;-0.06;;
2875;-0.64;;
2880;-0.87;;
2886;-0.58;;
2892;0.11;;
2898;0.46;;
2903;-0.58;;
2909;-0.29;;
2915;-1.16;;
2921;-1.05;;
2926;-0.79;;
2932;-0.50;;
2938;-0.39;;
2943;-0.45;;
2949;-0.56;;
2955;-0.16;;
2961;-0.62;;
2966;-0.33;;
2972;-0.56;;
2978;-2.36;;
2983;-0.60;;
2989;-1.06;;
2995;-0.66;;
3001;-0.14;;
3006;-0.48;;
3012;-0.58;;
3018;-0.58;;
3024;-0.24;;
3029;-0.41;;
3035;-0.35;;
3041;-2.71;;
3046;-0.91;;
3052;-0.39;;
3058;0.25;;
3064;-0.21;;
3069;-0.60;;
3075;-0.31;;
3081;-0.89;;
3087;-0.43;;
3092;-0.83;;
3098;-0.56;;
3104;-1.08;;
3109;-0.56;;
3115;-0.85;;
3121;-0.33;;
3127;-0.68;;
3132;-0.68;;
3138;-1.32;;
3144;-0.56;;
3150;-0.62;;
3155;-0.39;;
3161;-0.50;;
3167;-0.50;;
3172;-0.74;;
3178;-1.03;;
3184;-0.71;;
3190;-1.00;;
3195;-0.89;;
3201;-0.83;;
3207;-0.83;;
3213;-0.66;;
3218;-0.95;;
3224;-1.53;;
3230;-1.87;;
3235;-1.24;;
3241;-1.64;;
3247;-0.77;;
3253;-0.08;;
3258;-1.24;;
3264;-1.00;;
3270;-0.25;;
3276;-0.66;;
3281;-0.25;;
3287;-0.89;;
3293;-1.06;;
3298;-1.43;;
3304;0.08;;
3310;-0.45;;
3316;-1.03;;
3321;-0.91;;
3327;-0.77;;
3333;-0.83;;
3339;-0.43;;
3344;-0.71;;
3350;-0.83;;
3356;-0.27;;
3361;-0.62;;
3367;-0.21;;
3373;-0.27;;
3379;-0.85;;
3384;0.04;;
3390;-0.60;;
3396;-0.08;;
3402;0.10;;
3407;0.33;;
3413;-0.14;;
3419;-0.83;;
3424;-0.37;;
3430;-0.54;;
3436;-0.60;;
3442;0.04;;
3447;-0.19;;
3453;-0.19;;
3459;-1.00;;
3465;-0.31;;
3470;-0.71;;
3476;-0.43;;
3482;-1.47;;
3487;-0.31;;
3493;-0.89;;
3499;-0.24;;
3505;0.34;;
3510;0.52;;
3516;-0.35;;
3522;0.00;;
3527;0.50;;
3533;0.44;;
3539;0.73;;
3545;0.15;;
3550;0.15;;
3556;-0.21;;
3562;0.42;;
3568;0.13;;
3573;0.08;;
3579;-0.39;;
3585;-1.32;;
3590;-0.39;;
3596;-0.21;;
3602;0.36;;
3608;0.31;;
3613;0.19;;
3619;0.25;;
3625;-0.27;;
3631;-1.20;;
3636;-0.68;;
3642;0.00;;
3648;-2.32;;
3653;-0.64;;
3659;-0.46;;
3665;0.29;;
3671;0.17;;
3676;0.52;;
3682;0.98;;
3688;0.34;;
3694;-0.64;;
3699;0.06;;
3705;-0.81;;
3711;-2.03;;
3716;-0.87;;
3722;-1.27;;
3728;-0.71;;
3734;-0.95;;
3739;-0.54;;
3745;-0.71;;
3751;-1.58;;
3757;-1.39;;
3762;-1.05;;
3768;-1.63;;
3774;-2.44;;
3779;-0.58;;
3785;-0.17;;
3791;-0.06;;
3797;0.46;;
3802;-0.98;;
3808;-0.17;;
3814;-0.08;;
3820;-0.02;;
3825;-0.37;;
3831;-0.43;;
3837;-2.05;;
3842;-0.16;;
3848;0.08;;
3854;-0.16;;
3860;-1.26;;
3865;-1.20;;
3871;-1.03;;
3877;-0.50;;
3883;-0.74;;
3888;-0.62;;
3894;-1.49;;
3900;-0.06;;
3905;-0.06;;
3911;-0.23;;
3917;-0.75;;
3923;-1.04;;
3928;-1.14;;
3934;-0.62;;
3940;-0.85;;
3946;0.02;;
3951;0.02;;
3957;-0.54;;
3963;-0.02;;
3968;-1.00;;
3974;-1.18;;
3980;-0.71;;
3986;-0.40;;
3991;-0.69;;
3997;-0.81;;
4003;-0.23;;
4009;-0.81;;
4014;-0.95;;
4020;-1.47;;
4026;-0.19;;
4031;0.15;;
4037;0.56;;
4043;1.06;;
4049;0.77;;
4054;0.31;;
4060;0.19;;
4066;-0.45;;
4072;-0.27;;
4077;0.13;;
4083;0.02;;
4089;-0.79;;
4094;-0.21;;
4100;0.08;;
4106;-0.97;;
4112;-0.39;;
4117;-0.79;;
4123;-0.39;;
4129;-1.03;;
4135;-0.68;;
4140;-0.74;;
4146;0.25;;
4152;0.13;;
4157;-0.39;;
4163;-0.50;;
4169;-0.39;;
4175;0.08;;
4180;0.19;;
4186;-0.27;;
4192;0.08;;
4198;-0.50;;
4203;0.25;;
4209;0.25;;
4215;-0.39;;
4220;0.08;;
4226;0.31;;
4232;0.19;;
4238;-0.21;;
4243;-0.54;;
4249;-1.12;;
4255;0.50;;
4261;0.15;;
4266;-0.31;;
4272;0.42;;
4278;0.65;;
4283;-0.04;;
4289;-0.33;;
4295;0.08;;
4301;0.68;;
4306;0.50;;
4312;0.27;;
4318;0.50;;
4324;0.56;;
4329;-0.14;;
4335;-0.71;;
4341;0.44;;
4346;0.50;;
4352;0.33;;
4358;0.58;;
4364;0.46;;
4369;0.41;;
4375;0.35;;
4381;0.64;;
4387;0.13;;
4392;-0.33;;
4398;-0.21;;
4404;0.25;;
4409;0.54;;
4415;-0.08;;
4421;-0.48;;
4427;-0.31;;
4432;-0.48;;
4438;-0.83;;
4444;-0.79;;
4450;-0.16;;
4455;-0.45;;
4461;0.02;;
4467;0.02;;
4472;-0.79;;
4478;-0.39;;
4484;-1.03;;
4490;-0.91;;
4495;0.19;;
4501;-0.45;;
4507;-2.19;;
4512;-0.62;;
4518;0.25;;
4524;-0.62;;
4530;-0.66;;
4535;-0.54;;
4541;-0.37;;
4547;-0.83;;
4553;0.10;;
4558;-0.39;;
4564;-0.33;;
4570;-1.95;;
4575;-0.62;;
4581;-0.85;;
4587;-0.97;;
4593;-1.03;;
4598;-1.66;;
4604;-1.03;;
4610;-0.21;;
4616;-0.71;;
4621;0.27;;
4627;-0.83;;
4633;-2.05;;
4638;-0.08;;
4644;-1.14;;
4650;-0.21;;
4656;0.25;;
4661;0.19;;
4667;-1.14;;
4673;-0.62;;
4679;-0.56;;
4684;-1.49;;
4690;-1.20;;
4696;-1.78;;
4701;-0.25;;
4707;-0.19;;
4713;0.04;;
4719;-0.48;;
4724;-0.54;;
4730;-0.18;;
4736;-0.76;;
4742;-0.29;;
4747;-0.53;;
4753;-0.93;;
4759;-1.06;;
4764;-1.24;;
4770;-1.47;;
4776;-1.24;;
4782;-0.60;;
4787;-1.18;;
4793;-1.47;;
4799;-0.43;;
4805;-0.54;;
4810;-1.29;;
4816;-0.39;;
4822;0.19;;
4827;-0.33;;
4833;-0.39;;
4839;0.19;;
4845;-0.16;;
4850;-0.56;;
4856;-1.20;;
4862;-1.37;;
4868;-1.32;;
4873;-1.08;;
4879;-0.85;;
4885;-0.10;;
4890;-0.21;;
4896;-1.03;;
4902;-1.32;;
4908;-1.37;;
4913;-0.04;;
4919;-0.68;;
4925;-0.74;;
4931;-0.68;;
4936;-0.56;;
4942;-0.33;;
4948;0.48;;
4953;-1.03;;
4959;-0.25;;
4965;-0.66;;
4971;-0.48;;
4976;0.79;;
4982;0.39;;
4988;0.25;;
4994;-0.62;;
4999;-0.39;;
5005;-1.03;;
5011;-0.50;;
5016;0.21;;
5022;-0.19;;
5028;-0.60;;
5034;-0.60;;
5039;-0.71;;
5045;-1.20;;
5051;-1.03;;
5057;-0.97;;
5062;-1.72;;
5068;-0.79;;
5074;-0.95;;
5079;-0.25;;
5085;-0.43;;
5091;0.10;;
5097;0.33;;
5102;0.29;;
5108;-0.58;;
5114;-0.18;;
5120;-0.70;;
5125;-0.99;;
5131;-0.39;;
5137;0.54;;
5142;-1.37;;
5148;-1.61;;
5154;-0.85;;
5160;-0.79;;
5165;-0.10;;
5171;-1.08;;
5177;-0.79;;
5183;0.19;;
5188;-0.37;;
5194;-1.00;;
5200;-0.83;;
5205;-1.24;;
5211;-1.12;;
5217;-1.58;;
5223;-0.60;;
5228;-0.66;;
5234;-0.43;;
5240;-0.14;;
5245;-1.12;;
5251;-0.54;;
5257;-0.31;;
5263;-1.24;;
5268;-0.89;;
5274;-0.79;;
5280;-0.50;;
5286;-0.68;;
5291;-0.56;;
5297;-0.50;;
5303;-2.42;;
5308;-0.10;;
5314;-0.27;;
5320;-0.45;;
5326;-0.39;;
5331;-0.25;;
5337;0.68;;
5343;0.33;;
5349;-0.43;;
5354;-0.54;;
5360;-0.81;;
5366;-2.61;;
5371;0.58;;
5377;-0.11;;
5383;-0.23;;
5389;0.13;;
5394;-0.45;;
5400;-0.50;;
5406;-0.16;;
5412;-1.03;;
5417;-0.39;;
5423;-0.68;;
5429;0.25;;
5434;-0.33;;
5440;-0.21;;
5446;-1.20;;
5452;-0.74;;
5457;-0.91;;
5463;-0.45;;
5469;0.02;;
5475;0.08;;
5480;0.02;;
5486;-1.14;;
5492;-0.56;;
5497;-0.74;;
5503;-1.14;;
5509;0.19;;
5515;0.60;;
5520;0.48;;
5526;0.08;;
5532;-0.31;;
5538;0.04;;
5543;-0.02;;
5549;0.10;;
5555;0.10;;
5560;1.41;;
5566;0.19;;
5572;-0.45;;
5578;-0.04;;
5583;-0.21;;
5589;0.15;;
5595;0.33;;
5601;0.39;;
5606;-0.43;;
5612;-1.00;;
5618;-0.27;;
5623;-0.33;;
5629;-1.61;;
5635;-1.49;;
5641;-1.55;;
5646;-0.74;;
5652;-0.10;;
5658;0.13;;
5664;0.19;;
5669;0.19;;
5675;-0.31;;
5681;0.27;;
5686;0.91;;
5692;-0.31;;
5698;-0.31;;
5704;-0.31;;
5709;-0.60;;
5715;-1.35;;
5721;-1.00;;
5727;-0.83;;
5732;-0.95;;
5738;-0.31;;
5744;-0.54;;
5749;-1.00;;
5755;-0.31;;
5761;-0.33;;
5767;0.02;;
5772;-0.39;;
5778;-0.27;;
5784;-1.03;;
5790;-1.93;;
5795;-1.00;;
5801;-0.89;;
5807;-1.35;;
5812;-1.29;;
5818;-1.70;;
5824;-2.05;;
5830;-0.77;;
5835;0.21;;
5841;-0.66;;
5847;-0.95;;
5853;-1.58;;
5858;-0.48;;
5864;-0.95;;
5870;-1.76;;
5875;-0.66;;
5881;-0.95;;
5887;-1.41;;
5893;-0.25;;
5898;-1.00;;
5904;-1.08;;
5910;0.02;;
5916;-0.97;;
5921;-1.61;;
5927;-0.10;;
5933;-0.18;;
5938;-1.10;;
5944;-0.18;;
5950;-1.39;;
5956;-1.45;;
5961;-0.43;;
5967;-0.66;;
5973;-1.06;;
5979;-0.37;;
5984;-0.60;;
5990;-0.10;;
5996;-0.79;;
6001;-1.66;;
6007;-1.43;;
6013;-0.74;;
6019;-0.66;;
6024;-1.18;;
6030;-0.77;;
6036;-1.47;;
6042;-1.64;;
6047;-1.53;;
6053;-1.06;;
6059;-0.48;;
6064;-1.00;;
6070;-0.43;;
6076;-1.90;;
6082;-0.97;;
6087;-1.32;;
6093;-1.20;;
6099;-0.68;;
6105;-0.77;;
6110;-0.37;;
6116;-0.77;;
6122;-0.83;;
6127;-0.66;;
6133;-1.18;;
6139;-0.54;;
6145;-0.43;;
6150;-0.48;;
6156;0.15;;
6162;-0.43;;
6167;-0.43;;
6173;0.15;;
6179;-0.25;;
6185;-0.08;;
6190;0.21;;
6196;-0.19;;
6202;0.21;;
6208;0.21;;
6213;0.68;;
6219;-0.39;;
6225;-2.07;;
6230;-0.10;;
6236;-0.62;;
6242;-0.10;;
6248;-0.25;;
6253;-0.48;;
6259;-1.06;;
6265;-1.00;;
6271;-0.60;;
6276;-0.10;;
6282;-0.21;;
6288;-1.55;;
6293;-0.56;;
6299;0.13;;
6305;0.13;;
6311;-0.79;;
6316;-0.33;;
6322;-0.04;;
6328;-0.10;;
6334;-0.27;;
6339;0.36;;
6345;-0.39;;
6351;-1.55;;
6356;-0.45;;
6362;-0.37;;
6368;-0.77;;
6374;-0.08;;
6379;-0.54;;
6385;0.44;;
6391;0.62;;
6397;0.79;;
6402;0.50;;
6408;-0.31;;
6414;-1.41;;
6419;-0.68;;
6425;-0.74;;
6431;-0.68;;
6437;-1.61;;
6442;-0.39;;
6448;-0.21;;
6454;-0.33;;
6460;-0.21;;
6465;-0.50;;
6471;-0.50;;
6477;-1.66;;
6482;-0.39;;
6488;-0.16;;
6494;-0.56;;
6500;-0.16;;
6505;-0.48;;
6511;0.96;;
6517;1.66;;
6523;0.44;;
6528;0.56;;
6534;1.46;;
6540;-0.56;;
6545;0.25;;
6551;0.36;;
6557;1.06;;
6563;0.50;;
6568;1.49;;
6574;0.39;;
6580;0.50;;
6586;0.79;;
6591;0.94;;
6597;0.08;;
6603;-0.45;;
6608;0.60;;
6614;0.71;;
6620;0.10;;
6626;0.91;;
6631;0.56;;
6637;0.15;;
6643;0.33;;
6649;-0.08;;
6654;0.62;;
6660;0.73;;
6666;-0.02;;
6671;0.73;;
6677;-0.08;;
6683;0.79;;
6689;0.62;;
6694;-0.02;;
6700;-0.08;;
6706;1.29;;
6712;0.77;;
6717;1.00;;
6723;1.17;;
6729;1.29;;
6734;1.37;;
6740;0.56;;
6746;0.50;;
6752;1.08;;
6757;0.91;;
6763;1.43;;
6769;1.02;;
6775;0.96;;
6780;1.08;;
6786;0.68;;
6792;0.54;;
6797;0.42;;
6803;0.71;;
6809;1.81;;
6815;0.60;;
6820;0.91;;
6826;0.50;;
6832;0.91;;
6838;1.14;;
6843;0.91;;
6849;1.25;;
6855;1.20;;
6860;1.83;;
6866;1.08;;
6872;1.43;;
6878;1.12;;
6883;1.06;;
6889;1.64;;
6895;1.23;;
6901;1.58;;
6906;1.81;;
6912;1.17;;
6918;0.36;;
6923;0.13;;
6929;0.02;;
6935;0.27;;
6941;-0.02;;
6946;0.91;;
6952;0.79;;
6958;0.73;;
6964;1.54;;
6969;1.60;;
6975;1.72;;
6981;1.14;;
6986;0.91;;
6992;0.71;;
6998;1.12;;
7004;1.06;;
7009;1.17;;
7015;1.52;;
7021;0.96;;
7027;1.66;;
7032;1.95;;
7038;1.43;;
7044;2.06;;
7049;1.81;;
7055;1.41;;
7061;2.10;;
7067;0.71;;
7072;2.22;;
7078;2.29;;
7084;2.93;;
7090;2.24;;
7095;2.76;;
7101;1.95;;
7107;2.27;;
7112;2.50;;
7118;1.98;;
7124;1.64;;
7130;1.75;;
7135;1.89;;
7141;1.49;;
7147;1.37;;
7152;1.72;;
7158;1.83;;
7164;1.06;;
7170;1.87;;
7175;1.23;;
7181;2.56;;
7187;1.75;;
7193;1.56;;
7198;1.33;;
7204;1.67;;
7210;-0.47;;
7215;0.92;;
7221;1.54;;
7227;1.60;;
7233;1.37;;
7238;1.31;;
7244;1.25;;
7250;1.37;;
7256;1.02;;
7261;0.21;;
7267;0.79;;
7273;-0.43;;
7278;2.29;;
7284;2.93;;
7290;2.12;;
7296;1.37;;
7301;1.43;;
7307;1.77;;
7313;2.01;;
7319;2.06;;
7324;1.02;;
7330;1.66;;
7336;1.41;;
7341;1.75;;
7347;1.87;;
7353;1.41;;
7359;1.06;;
7364;1.25;;
7370;1.43;;
7376;1.43;;
7382;1.54;;
7387;1.54;;
7393;1.08;;
7399;1.02;;
7404;1.49;;
7410;1.66;;
7416;1.25;;
7422;1.58;;
7427;1.35;;
7433;1.29;;
7439;0.54;;
7445;0.36;;
7450;0.77;;
7456;1.06;;
7462;0.77;;
7467;1.29;;
7473;0.83;;
7479;1.08;;
7485;1.95;;
7490;1.20;;
7496;1.43;;
7502;1.08;;
7508;1.37;;
7513;0.39;;
7519;0.44;;
7525;1.14;;
7530;1.25;;
7536;1.00;;
7542;1.06;;
7548;0.77;;
7553;0.94;;
7559;1.46;;
7565;1.49;;
7571;1.43;;
7576;1.66;;
7582;1.89;;
7588;1.83;;
7593;1.08;;
7599;1.95;;
7605;1.25;;
7611;0.15;;
7616;0.10;;
7622;0.91;;
7628;-1.58;;
7633;0.96;;
7639;1.83;;
7645;1.14;;
7651;1.46;;
7656;1.98;;
7662;1.64;;
7668;2.45;;
7674;2.16;;
7679;1.66;;
7685;1.72;;
7691;-0.60;;
7696;1.31;;
7702;1.54;;
7708;2.10;;
7714;1.06;;
7719;1.93;;
7725;1.35;;
7731;0.48;;
7737;0.60;;
7742;0.60;;
7748;0.83;;
7754;1.23;;
7759;0.77;;
7765;0.79;;
7771;0.56;;
7777;0.39;;
7782;0.91;;
7788;1.14;;
7794;1.37;;
7800;1.66;;
7805;2.06;;
7811;1.60;;
7817;0.68;;
7822;1.70;;
7828;1.70;;
7834;1.29;;
7840;0.83;;
7845;0.89;;
7851;0.83;;
7857;2.33;;
7863;1.06;;
7868;1.29;;
7874;1.87;;
7880;1.64;;
7885;1.52;;
7891;1.41;;
7897;0.94;;
7903;0.94;;
7908;1.72;;
7914;1.37;;
7920;1.49;;
7926;1.31;;
7931;1.83;;
7937;1.60;;
7943;1.77;;
7948;1.08;;
7954;2.58;;
7960;1.72;;
7966;1.64;;
7971;0.77;;
7977;1.06;;
7983;0.77;;
7989;1.29;;
7994;0.94;;
8000;0.89;;
8006;1.58;;
8011;1.35;;
8017;1.46;;
8023;0.96;;
8029;1.49;;
8034;1.20;;
8040;1.37;;
8046;1.37;;
8052;1.08;;
8057;1.95;;
8063;1.49;;
8069;1.43;;
8074;1.77;;
8080;2.24;;
8086;1.66;;
8092;2.01;;
8097;0.56;;
8103;1.31;;
8109;0.77;;
8115;1.46;;
8120;0.71;;
8126;1.00;;
8132;1.12;;
8137;1.00;;
8143;0.54;;
8149;0.94;;
8155;1.81;;
8160;1.64;;
8166;1.85;;
8172;2.26;;
8177;1.39;;
8183;2.37;;
8189;1.62;;
8195;1.66;;
8200;1.89;;
8206;2.35;;
8212;1.31;;
8218;1.60;;
8223;2.01;;
8229;2.18;;
8235;2.06;;
8240;1.14;;
8246;2.06;;
8252;2.55;;
8258;3.18;;
8263;3.12;;
8269;4.74;;
8275;3.64;;
8281;3.30;;
8286;3.41;;
8292;3.64;;
8298;3.41;;
8303;3.35;;
8309;3.28;;
8315;3.80;;
8321;3.10;;
8326;2.70;;
8332;4.03;;
8338;3.72;;
8344;3.31;;
8349;3.08;;
8355;3.25;;
8361;3.08;;
8366;2.81;;
8372;3.51;;
8378;3.91;;
8384;2.87;;
8389;4.26;;
8395;4.20;;
8401;3.10;;
8407;3.80;;
8412;3.22;;
8418;3.33;;
8424;3.54;;
8429;3.43;;
8435;4.75;;
8441;4.18;;
8447;4.52;;
8452;4.14;;
8458;4.31;;
8464;3.68;;
8470;3.04;;
8475;2.87;;
8481;3.91;;
8487;4.03;;
8492;3.33;;
8498;4.14;;
8504;3.68;;
8510;3.83;;
8515;4.35;;
8521;4.29;;
8527;4.75;;
8533;3.54;;
8538;4.49;;
8544;4.37;;
8550;4.08;;
8555;4.37;;
8561;5.24;;
8567;4.27;;
8573;3.93;;
8578;4.79;;
8584;3.98;;
8590;5.02;;
8596;4.27;;
8601;4.33;;
8607;4.27;;
8613;5.02;;
8618;4.27;;
8624;4.70;;
8630;4.70;;
8636;4.64;;
8641;5.04;;
8647;5.39;;
8653;5.08;;
8659;5.03;;
8664;5.54;;
8670;5.37;;
8676;6.12;;
8681;5.73;;
8687;5.50;;
8693;5.33;;
8699;5.85;;
8704;5.39;;
8710;5.91;;
8716;6.42;;
8722;5.91;;
8727;5.91;;
8733;5.56;;
8739;5.79;;
8744;6.65;;
8750;6.54;;
8756;6.31;;
8762;6.48;;
8767;6.21;;
8773;5.58;;
8779;5.18;;
8785;4.95;;
8790;6.50;;
8796;6.27;;
8802;5.87;;
8807;5.75;;
8813;5.75;;
8819;6.27;;
8825;6.85;;
8830;6.39;;
8836;6.16;;
8842;5.58;;
8848;6.21;;
8853;6.46;;
8859;6.92;;
8865;7.61;;
8870;7.09;;
8876;6.75;;
8882;7.25;;
8888;6.67;;
8893;6.73;;
8899;6.44;;
8905;5.01;;
8910;7.86;;
8916;7.92;;
8922;7.00;;
8928;7.86;;
8933;6.94;;
8939;8.03;;
8945;8.09;;
8951;7.52;;
8956;7.86;;
8962;7.92;;
8968;6.37;;
8973;7.80;;
8979;8.66;;
8985;8.55;;
8991;8.49;;
8996;8.64;;
9002;8.70;;
9008;8.87;;
9014;9.04;;
9019;8.81;;
9025;8.61;;
9031;9.06;;
9037;9.18;;
9042;8.38;;
9048;9.12;;
9054;8.34;;
9059;8.28;;
9065;8.86;;
9071;8.57;;
9077;8.51;;
9082;8.43;;
9088;8.61;;
9094;9.06;;
9100;9.75;;
9105;9.18;;
9111;8.57;;
9117;8.51;;
9122;9.37;;
9128;9.37;;
9134;9.43;;
9140;9.89;;
9145;10.46;;
9151;9.09;;
9157;7.25;;
9162;8.97;;
9168;8.86;;
9174;8.23;;
9180;8.00;;
9185;8.51;;
9191;8.80;;
9197;8.89;;
9203;8.32;;
9208;9.06;;
9214;9.58;;
9220;10.21;;
9225;10.46;;
9231;10.06;;
9237;10.12;;
9243;10.06;;
9248;10.23;;
9254;9.97;;
9260;9.85;;
9266;9.91;;
9271;9.97;;
9277;9.68;;
9283;10.08;;
9288;9.39;;
9294;9.85;;
9300;9.68;;
9306;9.39;;
9311;9.47;;
9317;9.64;;
9323;10.10;;
9329;10.04;;
9334;9.58;;
9340;8.89;;
9346;8.78;;
9351;8.72;;
9357;9.41;;
9363;9.47;;
9369;9.14;;
9374;9.66;;
9380;10.29;;
9386;9.43;;
9392;9.14;;
9397;9.66;;
9403;9.43;;
9409;9.72;;
9414;9.20;;
9420;9.37;;
9426;10.06;;
9432;9.37;;
9437;9.37;;
9443;10.06;;
9449;9.95;;
9455;10.35;;
9460;9.20;;
9466;10.35;;
9472;10.17;;
9477;9.66;;
9483;9.25;;
9489;9.02;;
9495;8.91;;
9500;9.71;;
9506;10.00;;
9512;10.63;;
9517;9.77;;
9523;9.77;;
9529;10.17;;
9535;9.31;;
9540;8.59;;
9546;10.65;;
9552;10.65;;
9558;10.42;;
9563;9.91;;
9569;10.31;;
9575;8.19;;
9580;9.74;;
9586;10.20;;
9592;9.39;;
9598;9.92;;
9603;9.24;;
9609;9.47;;
9615;9.41;;
9621;9.29;;
9626;8.74;;
9632;8.86;;
9638;9.20;;
9643;9.14;;
9649;9.09;;
9655;9.52;;
9661;9.75;;
9666;9.18;;
9672;9.81;;
9678;9.18;;
9684;8.78;;
9689;8.95;;
9695;9.58;;
9701;9.29;;
9706;8.84;;
9712;9.20;;
9718;10.00;;
9724;8.63;;
9729;9.54;;
9735;8.86;;
9741;9.37;;
9747;10.63;;
9752;9.77;;
9758;9.31;;
9764;9.43;;
9769;9.66;;
9775;10.17;;
9781;9.89;;
9787;10.12;;
9792;10.06;;
9798;9.89;;
9804;8.97;;
9810;9.37;;
9815;9.43;;
9821;9.09;;
9827;9.77;;
9832;10.52;;
9838;9.89;;
9844;10.80;;
9850;9.26;;
9855;9.75;;
9861;9.24;;
9867;9.41;;
9873;9.06;;
9878;10.55;;
9884;9.89;;
9890;9.37;;
9895;10.12;;
9901;9.14;;
9907;8.51;;
9913;8.51;;
9918;10.00;;
9924;9.14;;
9930;9.09;;
9936;9.89;;
9941;9.98;;
9947;9.12;;
9953;8.89;;
9958;8.78;;
9964;9.81;;
9970;9.52;;
9976;9.70;;
9981;9.18;;
9987;9.01;;
9993;9.75;;
9999;9.31;;
10004;9.49;;
10010;9.43;;
10016;8.80;;
10021;9.95;;
10027;9.12;;
10033;9.52;;
10039;9.47;;
10044;9.41;;
10050;9.18;;
10056;9.03;;
10062;8.40;;
10067;8.63;;
10073;9.43;;
10079;8.51;;
10084;8.89;;
10090;9.18;;
10096;8.55;;
10102;8.49;;
10107;8.55;;
10113;8.86;;
10119;8.51;;
10125;8.45;;
10130;9.54;;
10136;9.89;;
10142;9.29;;
10147;8.72;;
10153;8.89;;
10159;9.24;;
10165;8.95;;
10170;8.80;;
10176;8.91;;
10182;9.66;;
10188;8.68;;
10193;8.34;;
10199;9.41;;
10205;9.24;;
10210;10.10;;
10216;9.29;;
10222;9.52;;
10228;9.89;;
10233;9.83;;
10239;8.91;;
10245;8.57;;
10251;8.57;;
10256;9.52;;
10262;8.84;;
10268;9.18;;
10273;9.06;;
10279;9.12;;
10285;9.52;;
10291;9.47;;
10296;9.47;;
10302;9.24;;
10308;9.24;;
10314;8.95;;
10319;9.06;;
10325;8.78;;
10331;9.18;;
10336;10.21;;
10342;9.64;;
10348;9.29;;
10354;9.70;;
10359;9.98;;
10365;9.81;;
10371;8.86;;
10377;9.03;;
10382;8.97;;
10388;9.03;;
10394;9.31;;
10399;9.54;;
10405;9.43;;
10411;9.72;;
10417;9.89;;
10422;9.49;;
10428;9.89;;
10434;10.69;;
10440;10.17;;
10445;9.54;;
10451;9.83;;
10457;10.27;;
10462;10.33;;
10468;9.64;;
10474;9.92;;
10480;9.81;;
10485;9.43;;
10491;8.91;;
10497;10.00;;
10503;10.58;;
10508;9.54;;
10514;9.31;;
10520;9.26;;
10525;9.49;;
10531;9.60;;
10537;9.60;;
10543;9.03;;
10548;8.86;;
10554;9.37;;
10560;8.40;;
10565;9.37;;
10571;8.95;;
10577;8.84;;
10583;9.81;;
10588;9.75;;
10594;9.29;;
10600;9.18;;
10606;9.41;;
10611;9.52;;
10617;9.87;;
10623;8.61;;
10628;10.27;;
10634;10.27;;
10640;9.92;;
10646;10.15;;
10651;9.41;;
10657;10.00;;
10663;10.00;;
10669;9.20;;
10674;8.80;;
10680;10.00;;
10686;7.88;;
10691;9.89;;
10697;9.49;;
10703;9.14;;
10709;9.20;;
10714;8.15;;
10720;7.97;;
10726;8.20;;
10732;8.15;;
10737;8.15;;
10743;8.61;;
10749;6.77;;
10754;8.72;;
10760;8.38;;
10766;8.20;;
10772;8.17;;
10777;8.17;;
10783;8.91;;
10789;8.86;;
10795;9.09;;
10800;8.66;;
10806;9.24;;
10812;7.17;;
10817;8.89;;
10823;9.18;;
10829;8.32;;
10835;8.20;;
10840;8.61;;
10846;7.63;;
10852;8.78;;
10858;8.17;;
10863;9.03;;
10869;8.68;;
10875;7.31;;
10880;9.37;;
10886;9.16;;
10892;9.33;;
10898;9.62;;
10903;9.04;;
10909;8.87;;
10915;9.43;;
10921;9.95;;
10926;8.68;;
10932;8.68;;
10938;6.39;;
10943;8.20;;
10949;8.72;;
10955;8.95;;
10961;9.24;;
10966;8.78;;
10972;8.68;;
10978;9.43;;
10984;8.40;;
10989;8.74;;
10995;8.11;;
11001;6.41;;
11006;9.79;;
11012;10.48;;
11018;9.05;;
11024;9.39;;
11029;9.12;;
11035;9.58;;
11041;9.92;;
11047;9.92;;
11052;9.06;;
11058;8.26;;
11064;6.71;;
11069;8.43;;
11075;8.78;;
11081;9.58;;
11087;9.35;;
11092;9.12;;
11098;9.12;;
11104;10.04;;
11110;9.52;;
11115;8.95;;
11121;9.01;;
11127;6.94;;
11132;9.24;;
11138;9.01;;
11144;9.06;;
11150;9.52;;
11155;9.52;;
11161;9.41;;
11167;9.35;;
11173;9.22;;
11178;8.93;;
11184;10.25;;
11190;9.85;;
11195;10.02;;
11201;9.34;;
11207;9.91;;
11213;9.28;;
11218;8.76;;
11224;9.11;;
11230;9.14;;
11236;9.49;;
11241;9.77;;
11247;10.40;;
11253;10.40;;
11258;10.42;;
11264;9.62;;
11270;9.97;;
11276;10.25;;
11281;9.85;;
11287;10.04;;
11293;9.81;;
11299;9.06;;
11304;9.41;;
11310;9.24;;
11316;8.97;;
11321;9.49;;
11327;9.14;;
11333;9.14;;
11339;8.34;;
11344;9.49;;
11350;8.97;;
11356;8.97;;
11362;9.09;;
11367;9.03;;
11373;10.17;;
11379;9.20;;
11384;9.54;;
11390;9.20;;
11396;9.14;;
11402;8.66;;
11407;8.32;;
11413;9.41;;
11419;9.81;;
11425;9.24;;
11430;8.65;;
11436;10.20;;
11442;9.05;;
11447;9.85;;
11453;9.34;;
11459;9.05;;
11465;9.57;;
11470;10.14;;
11476;9.57;;
11482;9.45;;
11488;9.24;;
11493;9.75;;
11499;9.70;;
11505;9.58;;
11510;9.58;;
11516;9.95;;
11522;10.58;;
11528;9.31;;
11533;8.86;;
11539;9.14;;
11545;10.04;;
11551;9.12;;
11556;9.35;;
11562;10.15;;
11568;9.98;;
11573;10.17;;
11579;10.46;;
11585;9.95;;
11591;10.17;;
11596;10.23;;
11602;10.46;;
11608;9.83;;
11614;9.49;;
11619;8.91;;
11625;8.91;;
11631;8.84;;
11636;9.35;;
11642;9.18;;
11648;9.52;;
11654;9.41;;
11659;9.27;;
11665;9.67;;
11671;9.85;;
11677;9.16;;
11682;9.96;;
11688;9.85;;
11694;9.85;;
11699;9.79;;
11705;9.05;;
11711;9.79;;
11717;10.10;;
11722;9.41;;
11728;8.84;;
11734;9.52;;
11740;9.01;;
11745;8.57;;
11751;10.29;;
11757;10.35;;
11762;9.49;;
11768;9.77;;
11774;9.64;;
11780;9.98;;
11785;10.33;;
11791;9.24;;
11797;8.38;;
11802;9.85;;
11808;9.91;;
11814;10.37;;
11820;10.14;;
11825;10.48;;
11831;9.95;;
11837;9.77;;
11843;10.00;;
11848;10.06;;
11854;10.17;;
11860;8.74;;
11865;10.23;;
11871;9.77;;
11877;10.06;;
11883;10.06;;
11888;9.77;;
11894;10.52;;
11900;9.77;;
11906;9.66;;
11911;10.12;;
11917;9.98;;
11923;7.34;;
11928;8.95;;
11934;9.01;;
11940;9.12;;
11946;9.29;;
11951;9.70;;
11957;9.24;;
11963;10.50;;
11969;9.81;;
11974;9.26;;
11980;9.95;;
11986;9.77;;
11991;8.45;;
11997;10.23;;
12003;10.78;;
12009;9.70;;
12014;9.41;;
12020;9.41;;
12026;9.47;;
12032;9.66;;
12037;10.17;;
12043;9.95;;
12049;8.97;;
12054;10.06;;
12060;9.81;;
12066;10.55;;
12072;8.89;;
12077;10.27;;
12083;10.33;;
12089;9.81;;
12095;10.15;;
12100;9.92;;
12106;10.10;;
12112;10.10;;
12117;10.06;;
12123;9.89;;
12129;9.95;;
12135;9.26;;
12140;9.77;;
12146;9.41;;
12152;9.92;;
12158;10.04;;
12163;9.81;;
12169;8.84;;
12175;9.47;;
12180;9.24;;
12186;9.47;;
12192;8.55;;
12198;9.98;;
12203;10.14;;
12209;9.91;;
12215;9.45;;
12221;9.74;;
12226;9.39;;
12232;9.68;;
12238;10.02;;
12243;9.51;;
12249;9.39;;
12255;10.02;;
12261;10.31;;
12266;9.16;;
12272;10.94;;
12278;10.60;;
12284;10.37;;
12289;10.04;;
12295;9.87;;
12301;9.64;;
12306;9.98;;
12312;10.21;;
12318;9.89;;
12324;10.17;;
12329;10.17;;
12335;9.95;;
12341;10.23;;
12347;9.81;;
12352;9.52;;
12358;9.52;;
12364;9.87;;
12369;9.47;;
12375;9.98;;
12381;9.92;;
12387;10.21;;
12392;10.15;;
12398;9.87;;
12404;9.51;;
12410;10.60;;
12415;9.74;;
12421;10.60;;
12427;10.20;;
12432;10.14;;
12438;10.65;;
12444;10.71;;
12450;10.25;;
12455;10.14;;
12461;10.08;;
12467;10.42;;
12472;11.11;;
12478;10.48;;
12484;11.34;;
12490;11.03;;
12495;10.80;;
12501;9.77;;
12507;9.89;;
12513;9.20;;
12518;10.37;;
12524;10.54;;
12530;8.30;;
12535;9.74;;
12541;9.79;;
12547;10.38;;
12553;9.64;;
12558;9.81;;
12564;9.47;;
12570;10.15;;
12576;9.68;;
12581;9.74;;
12587;9.74;;
12593;9.05;;
12598;9.57;;
12604;9.66;;
12610;9.83;;
12616;10.12;;
12621;10.75;;
12627;10.58;;
12633;9.87;;
12639;10.04;;
12644;9.41;;
12650;9.92;;
12656;7.86;;
12661;8.55;;
12667;10.33;;
12673;9.75;;
12679;9.58;;
12684;9.64;;
12690;10.06;;
12696;9.66;;
12702;9.03;;
12707;9.31;;
12713;9.66;;
12719;8.23;;
12724;10.35;;
12730;9.54;;
12736;10.46;;
12742;9.95;;
12747;10.14;;
12753;10.37;;
12759;9.62;;
12765;9.74;;
12770;9.22;;
12776;9.29;;
12782;9.64;;
12787;8.66;;
12793;9.18;;
12799;9.98;;
12805;9.31;;
12810;9.14;;
12816;8.97;;
12822;9.49;;
12828;8.63;;
12833;9.14;;
12839;10.00;;
12845;9.72;;
12850;9.83;;
12856;9.37;;
12862;8.32;;
12868;8.03;;
12873;9.01;;
12879;8.78;;
12885;8.95;;
12891;9.29;;
12896;9.01;;
12902;8.66;;
12908;9.35;;
12913;9.47;;
12919;8.95;;
12925;8.89;;
12931;8.49;;
12936;8.20;;
12942;9.01;;
12948;8.84;;
12954;8.43;;
12959;9.41;;
12965;8.78;;
12971;8.43;;
12976;9.74;;
12982;9.22;;
12988;9.34;;
12994;9.16;;
12999;9.97;;
13005;9.41;;
13011;9.52;;
13017;9.75;;
13022;10.04;;
13028;9.01;;
13034;9.24;;
13039;9.18;;
13045;9.98;;
13051;9.81;;
13057;9.98;;
13062;9.98;;
13068;9.29;;
13074;9.70;;
13080;9.41;;
13085;9.47;;
13091;9.49;;
13097;8.63;;
13102;8.80;;
13108;8.68;;
13114;8.97;;
13120;9.64;;
13125;9.18;;
13131;9.06;;
13137;9.06;;
13143;8.66;;
13148;9.01;;
13154;8.95;;
13160;8.95;;
13165;9.24;;
13171;8.49;;
13177;9.54;;
13183;9.72;;
13188;10.35;;
13194;9.49;;
13200;9.95;;
13206;9.37;;
13211;9.66;;
13217;8.97;;
13223;9.37;;
13228;9.26;;
13234;9.45;;
13240;9.39;;
13246;9.51;;
13251;9.11;;
13257;9.28;;
13263;9.45;;
13269;9.05;;
13274;9.45;;
13280;9.85;;
13286;9.74;;
13291;9.72;;
13297;9.60;;
13303;9.54;;
13309;9.54;;
13314;9.54;;
13320;9.83;;
13326;9.49;;
13332;9.20;;
13337;8.74;;
13343;8.80;;
13349;8.74;;
13354;8.91;;
13360;9.72;;
13366;9.31;;
13372;8.97;;
13377;9.09;;
13383;10.17;;
13389;10.00;;
13395;9.89;;
13400;10.12;;
13406;9.89;;
13412;9.77;;
13417;8.86;;
13423;10.00;;
13429;9.20;;
13435;9.66;;
13440;10.12;;
13446;10.12;;
13452;9.49;;
13457;8.68;;
13463;9.34;;
13469;9.34;;
13475;8.71;;
13480;9.91;;
13486;8.99;;
13492;9.83;;
13498;8.57;;
13503;9.03;;
13509;9.26;;
13515;7.08;;
13520;9.41;;
13526;9.01;;
13532;9.06;;
13538;9.24;;
13543;9.01;;
13549;9.03;;
13555;9.14;;
13561;8.97;;
13566;8.80;;
13572;8.17;;
13578;7.40;;
13583;8.61;;
13589;8.49;;
13595;8.89;;
13601;8.89;;
13606;8.00;;
13612;9.14;;
13618;8.57;;
13624;9.77;;
13629;10.12;;
13635;9.60;;
13641;7.42;;
13646;9.03;;
13652;8.57;;
13658;8.17;;
13664;9.58;;
13669;8.89;;
13675;9.29;;
13681;9.18;;
13687;9.24;;
13692;9.01;;
13698;9.58;;
13704;7.63;;
13709;8.89;;
13715;8.89;;
13721;9.43;;
13727;9.43;;
13732;10.23;;
13738;10.46;;
13744;10.46;;
13750;9.95;;
13755;9.83;;
13761;10.17;;
13767;9.20;;
13772;9.20;;
13778;9.20;;
13784;9.37;;
13790;8.63;;
13795;9.49;;
13801;9.09;;
13807;8.40;;
13813;8.57;;
13818;8.80;;
13824;8.17;;
13830;9.26;;
13835;9.16;;
13841;9.22;;
13847;9.68;;
13853;8.82;;
13858;9.39;;
13864;9.47;;
13870;8.09;;
13876;8.09;;
13881;8.61;;
13887;9.12;;
13893;8.74;;
13898;8.74;;
13904;9.03;;
13910;8.28;;
13916;9.31;;
13921;9.01;;
13927;9.52;;
13933;8.55;;
13939;9.12;;
13944;10.15;;
13950;8.34;;
13956;9.89;;
13961;8.91;;
13967;8.51;;
13973;9.14;;
13979;9.20;;
13984;9.83;;
13990;9.77;;
13996;9.03;;
14002;8.68;;
14007;8.93;;
14013;9.51;;
14019;9.11;;
14024;9.22;;
14030;9.39;;
14036;8.34;;
14042;7.59;;
14047;8.28;;
14053;8.45;;
14059;9.31;;
14065;9.29;;
14070;9.12;;
14076;8.55;;
14082;8.55;;
14087;9.12;;
14093;8.74;;
14099;8.40;;
14105;8.57;;
14110;8.74;;
14116;8.97;;
14122;8.89;;
14128;9.24;;
14133;9.01;;
14139;9.24;;
14145;9.24;;
14150;8.84;;
14156;9.35;;
14162;8.84;;
14168;9.06;;
14173;8.78;;
14179;9.70;;
14185;9.75;;
14191;9.70;;
14196;8.84;;
14202;8.61;;
14208;9.09;;
14213;9.09;;
14219;8.51;;
14225;8.80;;
14231;8.97;;
14236;9.34;;
14242;9.74;;
14248;10.14;;
14254;9.34;;
14259;8.82;;
14265;8.93;;
14271;9.57;;
14276;8.99;;
14282;8.36;;
14288;8.65;;
14294;8.84;;
14299;8.89;;
14305;8.78;;
14311;6.54;;
14316;7.92;;
14322;8.74;;
14328;8.97;;
14334;8.80;;
14339;9.31;;
14345;9.77;;
14351;8.82;;
14357;9.34;;
14362;8.76;;
14368;8.82;;
14374;6.75;;
14379;8.78;;
14385;9.41;;
14391;9.58;;
14397;9.64;;
14402;9.70;;
14408;10.37;;
14414;10.02;;
14420;9.22;;
14425;9.16;;
14431;8.48;;
14437;8.02;;
14442;9.91;;
14448;9.11;;
14454;9.74;;
14460;10.08;;
14465;10.06;;
14471;9.89;;
14477;9.60;;
14483;9.49;;
14488;8.74;;
14494;9.09;;
14500;7.77;;
14505;9.72;;
14511;9.66;;
14517;9.14;;
14523;9.20;;
14528;9.14;;
14534;8.86;;
14540;9.31;;
14546;9.09;;
14551;8.97;;
14557;9.49;;
14563;7.88;;
14568;9.26;;
14574;9.49;;
14580;9.60;;
14586;10.35;;
14591;9.37;;
14597;9.14;;
14603;9.20;;
14609;9.06;;
14614;9.52;;
14620;8.95;;
14626;9.64;;
14631;9.81;;
14637;9.62;;
14643;9.67;;
14649;9.56;;
14654;9.10;;
14660;8.53;;
14666;9.33;;
14672;9.39;;
14677;9.62;;
14683;9.10;;
14689;9.10;;
14694;8.93;;
14700;8.65;;
14706;8.65;;
14712;8.65;;
14717;8.53;;
14723;8.68;;
14729;9.20;;
14735;9.54;;
14740;8.74;;
14746;8.40;;
14752;8.84;;
14757;8.95;;
14763;8.72;;
14769;8.15;;
14775;8.15;;
14780;8.66;;
14786;8.55;;
14792;9.47;;
14798;9.47;;
14803;9.41;;
14809;9.54;;
14815;8.91;;
14820;9.20;;
14826;10.17;;
14832;8.51;;
14838;8.95;;
14843;9.12;;
14849;9.06;;
14855;7.80;;
14861;8.32;;
14866;9.03;;
14872;9.09;;
14878;8.91;;
14883;8.57;;
14889;8.57;;
14895;8.84;;
14901;10.10;;
14906;8.49;;
14912;8.84;;
14918;8.55;;
14924;8.55;;
14929;8.95;;
14935;8.89;;
14941;9.58;;
14946;9.12;;
14952;9.29;;
14958;9.29;;
14964;9.29;;
14969;9.58;;
14975;9.12;;
14981;9.41;;
14987;9.75;;
14992;9.52;;
14998;8.03;;
15004;9.12;;
15009;8.76;;
15015;9.39;;
15021;9.34;;
15027;9.05;;
15032;9.22;;
15038;9.95;;
15044;10.12;;
15050;9.31;;
15055;9.89;;
15061;8.80;;
15067;9.03;;
15072;9.72;;
15078;8.23;;
15084;7.77;;
15090;8.74;;
15095;8.80;;
15101;9.72;;
15107;8.97;;
15113;9.60;;
15118;9.20;;
15124;9.06;;
15130;8.89;;
15135;9.52;;
15141;9.18;;
15147;8.84;;
15153;9.66;;
15158;8.97;;
15164;8.74;;
15170;8.63;;
15176;8.57;;
15181;8.88;;
15187;8.19;;
15193;9.05;;
15198;8.42;;
15204;9.39;;
15210;8.95;;
15216;9.24;;
15221;8.61;;
15227;9.18;;
15233;9.47;;
15238;8.57;;
15244;8.80;;
15250;9.09;;
15256;8.97;;
15261;8.97;;
15267;9.66;;
15273;9.43;;
15279;9.37;;
15284;9.77;;
15290;9.60;;
15296;7.88;;
15301;9.49;;
15307;9.77;;
15313;9.43;;
15319;9.49;;
15324;8.66;;
15330;8.49;;
15336;9.98;;
15342;9.35;;
15347;9.12;;
15353;9.49;;
15359;8.45;;
15364;9.37;;
15370;9.14;;
15376;8.91;;
15382;8.89;;
15387;8.89;;
15393;9.12;;
15399;9.47;;
15405;9.35;;
15410;8.97;;
15416;8.51;;
15422;8.80;;
15427;9.49;;
15433;9.31;;
15439;9.75;;
15445;9.41;;
15450;10.38;;
15456;9.58;;
15462;9.41;;
15468;9.58;;
15473;9.41;;
15479;10.10;;
15485;10.44;;
15490;10.15;;
15496;9.92;;
15502;9.35;;
15508;9.81;;
15513;9.81;;
15519;9.41;;
15525;9.09;;
15531;10.29;;
15536;10.17;;
15542;9.49;;
15548;10.23;;
15553;9.62;;
15559;9.67;;
15565;9.04;;
15571;9.73;;
15576;9.50;;
15582;10.67;;
15588;10.79;;
15594;9.64;;
15599;10.04;;
15605;10.27;;
15611;9.75;;
15616;10.73;;
15622;10.33;;
15628;10.33;;
15634;9.64;;
15639;9.47;;
15645;9.64;;
15651;10.21;;
15657;10.15;;
15662;9.52;;
15668;9.43;;
15674;8.91;;
15679;8.80;;
15685;8.80;;
15691;9.26;;
15697;9.16;;
15702;9.74;;
15708;9.97;;
15714;9.79;;
15720;10.02;;
15725;9.47;;
15731;9.58;;
15737;9.41;;
15742;10.21;;
15748;10.33;;
15754;9.39;;
15760;9.51;;
15765;10.31;;
15771;10.02;;
15777;9.74;;
15783;10.06;;
15788;9.49;;
15794;10.00;;
15800;9.20;;
15805;9.49;;
15811;9.31;;
15817;9.26;;
15823;8.97;;
15828;9.20;;
15834;8.86;;
15840;6.93;;
15845;9.34;;
15851;8.76;;
15857;9.39;;
15863;9.05;;
15868;9.64;;
15874;9.87;;
15880;9.64;;
15886;9.41;;
15891;9.01;;
15897;9.09;;
15903;7.82;;
15908;9.95;;
15914;9.37;;
15920;9.43;;
15926;10.02;;
15931;9.91;;
15937;8.99;;
15943;9.16;;
15949;9.85;;
15954;9.89;;
15960;10.17;;
15966;7.77;;
15971;9.89;;
15977;10.52;;
15983;10.42;;
15989;9.79;;
15994;9.39;;
16000;9.85;;
16006;9.22;;
16012;9.97;;
16017;9.68;;
16023;9.51;;
16029;9.68;;
16034;9.51;;
16040;9.87;;
16046;9.81;;
16052;9.87;;
16057;9.41;;
16063;9.87;;
16069;8.48;;
16075;9.97;;
16080;10.08;;
16086;9.74;;
16092;9.16;;
16097;9.52;;
16103;9.52;;
16109;9.52;;
16115;9.92;;
16120;9.64;;
16126;10.29;;
16132;10.63;;
16138;11.26;;
16143;10.80;;
16149;10.00;;
16155;9.87;;
16160;10.21;;
16166;9.06;;
16172;10.10;;
16178;10.61;;
16183;9.83;;
16189;10.17;;
16195;10.58;;
16201;9.43;;
16206;9.54;;
16212;10.10;;
16218;9.92;;
16223;10.15;;
16229;10.27;;
16235;10.15;;
16241;9.77;;
16246;9.77;;
16252;9.49;;
16258;9.37;;
16263;8.74;;
16269;8.91;;
16275;9.83;;
16281;9.20;;
16286;9.83;;
16292;9.83;;
16298;8.45;;
16304;9.20;;
16309;10.23;;
16315;9.37;;
16321;8.00;;
16326;10.38;;
16332;10.61;;
16338;9.98;;
16344;9.58;;
16349;9.58;;
16355;9.45;;
16361;10.31;;
16367;10.42;;
16372;10.08;;
16378;8.93;;
16384;6.83;;
16389;7.97;;
16395;8.09;;
16401;9.12;;
16407;8.49;;
16412;8.74;;
16418;8.17;;
16424;9.72;;
16430;9.60;;
16435;9.31;;
16441;9.58;;
16447;7.63;;
16452;9.24;;
16458;9.64;;
16464;10.04;;
16470;9.81;;
16475;9.35;;
16481;10.10;;
16487;10.55;;
16493;9.58;;
16498;9.39;;
16504;9.28;;
16510;9.85;;
16515;10.14;;
16521;11.11;;
16527;9.85;;
16533;10.08;;
16538;9.44;;
16544;9.44;;
16550;9.50;;
16556;9.64;;
16561;9.64;;
16567;9.18;;
16573;9.01;;
16578;8.95;;
16584;9.91;;
16590;9.79;;
16596;9.74;;
16601;9.68;;
16607;9.16;;
16613;8.66;;
16619;9.47;;
16624;9.06;;
16630;9.12;;
16636;9.47;;
16641;9.60;;
16647;9.95;;
16653;9.03;;
16659;9.31;;
16664;9.54;;
16670;9.26;;
16676;9.37;;
16682;9.31;;
16687;9.60;;
16693;10.23;;
16699;9.52;;
16704;9.01;;
16710;9.52;;
16716;9.06;;
16722;9.81;;
16727;10.50;;
16733;10.10;;
16739;9.47;;
16745;9.75;;
16750;9.92;;
16756;8.55;;
16762;9.53;;
16767;8.38;;
16773;8.78;;
16779;8.96;;
16785;9.52;;
16790;9.06;;
16796;9.35;;
16802;8.84;;
16808;9.41;;
16813;9.64;;
16819;10.10;;
16825;9.47;;
16830;9.81;;
16836;8.95;;
16842;8.86;;
16848;8.80;;
16853;9.37;;
16859;9.72;;
16865;9.43;;
16871;9.66;;
16876;9.37;;
16882;9.66;;
16888;10.12;;
16893;9.72;;
16899;9.79;;
16905;10.08;;
16911;9.74;;
16916;9.22;;
16922;9.97;;
16928;9.62;;
16934;8.59;;
16939;9.28;;
16945;9.16;;
16951;8.93;;
16956;10.40;;
16962;9.31;;
16968;10.35;;
16974;9.43;;
16979;9.20;;
16985;9.20;;
16991;8.91;;
16997;9.26;;
17002;8.28;;
17008;8.80;;
17014;8.42;;
17019;8.88;;
17025;9.11;;
17031;8.30;;
17037;8.82;;
17042;9.52;;
17048;9.92;;
17054;8.72;;
17060;9.64;;
17065;9.58;;
17071;9.47;;
17077;9.75;;
17082;9.41;;
17088;9.12;;
17094;9.01;;
17100;9.35;;
17105;9.64;;
17111;9.47;;
17117;8.38;;
17122;10.33;;
17128;10.38;;
17134;9.75;;
17140;10.21;;
17145;9.98;;
17151;10.21;;
17157;9.12;;
17163;9.81;;
17168;9.35;;
17174;9.06;;
17180;7.40;;
17185;10.52;;
17191;9.43;;
17197;10.29;;
17203;9.03;;
17208;8.40;;
17214;8.63;;
17220;8.80;;
17226;8.63;;
17231;8.97;;
17237;7.88;;
17243;6.73;;
17248;9.03;;
17254;8.51;;
17260;8.57;;
17266;8.68;;
17271;8.97;;
17277;9.20;;
17283;9.77;;
17289;8.91;;
17294;8.23;;
17300;9.03;;
17306;8.86;;
17311;9.20;;
17317;8.63;;
17323;8.17;;
17329;8.55;;
17334;8.61;;
17340;7.97;;
17346;7.40;;
17352;8.49;;
17357;9.22;;
17363;9.22;;
17369;8.76;;
17374;8.53;;
17380;9.05;;
17386;8.89;;
17392;9.52;;
17397;8.84;;
17403;8.95;;
17409;8.95;;
17415;9.89;;
17420;9.09;;
17426;10.52;;
17432;9.49;;
17437;9.37;;
17443;9.47;;
17449;8.95;;
17455;9.29;;
17460;9.35;;
17466;9.58;;
17472;8.61;;
17478;9.41;;
17483;9.01;;
17489;9.35;;
17495;8.03;;
17500;8.43;;
17506;7.92;;
17512;9.41;;
17518;9.18;;
17523;8.78;;
17529;8.74;;
17535;8.17;;
17541;9.43;;
17546;8.68;;
17552;9.03;;
17558;9.43;;
17563;9.60;;
17569;9.89;;
17575;10.69;;
17581;10.00;;
17586;9.03;;
17592;9.20;;
17598;8.63;;
17604;9.20;;
17609;8.74;;
17615;8.76;;
17621;9.05;;
17626;8.13;;
17632;9.45;;
17638;8.48;;
17644;9.18;;
17649;8.95;;
17655;8.55;;
17661;9.12;;
17667;9.24;;
17672;9.20;;
17678;9.54;;
17684;9.43;;
17689;9.37;;
17695;9.09;;
17701;8.00;;
17707;8.91;;
17712;9.14;;
17718;8.57;;
17724;9.31;;
17730;8.97;;
17735;9.37;;
17741;8.51;;
17747;8.34;;
17752;9.20;;
17758;9.14;;
17764;8.63;;
17770;8.23;;
17775;8.11;;
17781;9.54;;
17787;8.99;;
17793;9.73;;
17798;9.27;;
17804;8.41;;
17810;8.99;;
17815;9.35;;
17821;9.75;;
17827;9.12;;
17833;9.06;;
17838;8.66;;
17844;7.86;;
17850;7.34;;
17856;9.18;;
17861;8.66;;
17867;9.52;;
17873;8.66;;
17878;9.41;;
17884;9.64;;
17890;8.78;;
17896;8.78;;
17901;7.46;;
17907;8.78;;
17913;9.64;;
17919;9.12;;
17924;9.75;;
17930;9.92;;
17936;9.52;;
17941;9.75;;
17947;9.35;;
17953;9.64;;
17959;9.77;;
17964;8.45;;
17970;8.45;;
17976;7.88;;
17981;10.06;;
17987;9.43;;
17993;10.00;;
17999;9.49;;
18004;9.14;;
18010;9.43;;
18016;10.52;;
18022;9.60;;
18027;9.89;;
18033;9.95;;
18039;8.34;;
18044;10.35;;
18050;9.95;;
18056;9.60;;
18062;9.66;;
18067;10.12;;
18073;9.59;;
18079;9.41;;
18085;9.76;;
18090;9.30;;
18096;8.78;;
18102;7.63;;
18107;9.70;;
18113;9.70;;
18119;9.75;;
18125;9.58;;
18130;8.68;;
18136;8.74;;
18142;8.51;;
18148;9.14;;
18153;8.68;;
18159;8.68;;
18165;6.73;;
18170;9.20;;
18176;8.05;;
18182;8.45;;
18188;8.51;;
18193;8.05;;
18199;8.17;;
18205;8.28;;
18211;8.80;;
18216;8.13;;
18222;8.42;;
18228;6.64;;
18233;8.30;;
18239;8.82;;
18245;8.40;;
18251;8.00;;
18256;7.48;;
18262;7.88;;
18268;9.54;;
18274;8.63;;
18279;8.28;;
18285;9.14;;
18291;6.50;;
18296;8.51;;
18302;8.11;;
18308;8.91;;
18314;9.37;;
18319;8.74;;
18325;9.26;;
18331;9.31;;
18337;8.57;;
18342;9.89;;
18348;9.54;;
18354;6.85;;
18359;8.66;;
18365;8.20;;
18371;8.55;;
18377;8.66;;
18382;9.18;;
18388;9.09;;
18394;9.09;;
18400;9.09;;
18405;8.63;;
18411;8.74;;
18417;7.82;;
18422;8.57;;
18428;8.63;;
18434;8.51;;
18440;8.91;;
18445;9.47;;
18451;8.66;;
18457;8.72;;
18463;8.78;;
18468;8.72;;
18474;8.55;;
18480;6.37;;
18485;8.43;;
18491;8.38;;
18497;8.72;;
18503;8.84;;
18508;9.47;;
18514;9.52;;
18520;8.55;;
18526;8.38;;
18531;7.42;;
18537;8.28;;
18543;8.74;;
18548;8.23;;
18554;8.34;;
18560;8.40;;
18566;8.34;;
18571;7.65;;
18577;8.80;;
18583;8.86;;
18589;10.15;;
18594;9.29;;
18600;9.12;;
18606;9.01;;
18611;9.01;;
18617;9.05;;
18623;8.71;;
18629;8.59;;
18634;9.05;;
18640;9.51;;
18646;9.47;;
18652;8.66;;
18657;8.61;;
18663;9.47;;
18669;9.18;;
18674;9.24;;
18680;8.78;;
18686;9.58;;
18692;10.27;;
18697;9.64;;
18703;10.29;;
18709;8.74;;
18715;9.77;;
18720;9.43;;
18726;9.37;;
18732;9.77;;
18737;8.91;;
18743;8.57;;
18749;9.31;;
18755;9.31;;
18760;9.12;;
18766;9.75;;
18772;9.64;;
18778;8.89;;
18783;8.61;;
18789;8.71;;
18795;8.59;;
18800;8.19;;
18806;8.53;;
18812;8.36;;
18818;8.42;;
18823;9.05;;
18829;9.11;;
18835;7.73;;
18841;8.71;;
18846;8.13;;
18852;7.95;;
18858;6.75;;
18863;7.44;;
18869;8.07;;
18875;7.19;;
18881;7.42;;
18886;7.25;;
18892;7.42;;
18898;6.27;;
18904;5.68;;
18909;6.19;;
18915;6.08;;
18921;5.73;;
18926;6.31;;
18932;5.64;;
18938;5.75;;
18944;5.75;;
18949;5.87;;
18955;5.47;;
18961;5.06;;
18967;5.47;;
18972;5.52;;
18978;5.87;;
18984;4.83;;
18989;5.68;;
18995;5.39;;
19001;5.27;;
19007;4.64;;
19012;4.64;;
19018;4.03;;
19024;3.97;;
19030;4.49;;
19035;4.43;;
19041;4.77;;
19047;4.08;;
19052;3.80;;
19058;4.14;;
19064;3.74;;
19070;5.06;;
19075;3.80;;
19081;4.08;;
19087;3.68;;
19093;4.03;;
19098;3.39;;
19104;2.62;;
19110;3.14;;
19115;3.02;;
19121;3.37;;
19127;2.91;;
19133;3.54;;
19138;3.60;;
19144;4.41;;
19150;3.83;;
19156;3.49;;
19161;3.25;;
19167;3.72;;
19173;2.97;;
19178;3.08;;
19184;2.56;;
19190;2.85;;
19196;2.97;;
19201;2.79;;
19207;2.27;;
19213;1.35;;
19219;2.01;;
19224;2.29;;
19230;1.89;;
19236;1.72;;
19241;1.25;;
19247;1.31;;
19253;1.25;;
19259;1.31;;
19264;0.96;;
19270;1.08;;
19276;1.89;;
19282;1.89;;
19287;2.47;;
19293;0.79;;
19299;1.37;;
19304;1.54;;
19310;1.02;;
19316;0.62;;
19322;1.20;;
19327;1.25;;
19333;1.58;;
19339;2.74;;
19345;1.70;;
19350;1.70;;
19356;1.87;;
19362;1.08;;
19367;1.14;;
19373;1.43;;
19379;0.96;;
19385;1.20;;
19390;1.00;;
19396;1.52;;
19402;-0.91;;
19407;0.89;;
19413;1.70;;
19419;2.53;;
19425;1.54;;
19430;0.79;;
19436;1.31;;
19442;0.27;;
19448;-0.50;;
19453;0.42;;
19459;0.77;;
19465;-0.85;;
19470;0.08;;
19476;0.79;;
19482;1.77;;
19488;0.50;;
19493;0.27;;
19499;0.85;;
19505;0.85;;
19511;1.02;;
19516;-0.14;;
19522;0.10;;
19528;-0.95;;
19533;-0.10;;
19539;0.77;;
19545;0.36;;
19551;0.36;;
19556;0.48;;
19562;0.89;;
19568;0.83;;
19574;0.02;;
19579;0.54;;
19585;0.19;;
19591;-0.95;;
19596;-0.19;;
19602;-0.83;;
19608;-0.48;;
19614;-0.95;;
19619;0.27;;
19625;-0.60;;
19631;-0.60;;
19637;0.56;;
19642;-0.66;;
19648;0.12;;
19654;-0.35;;
19659;0.29;;
19665;-0.29;;
19671;0.12;;
19677;0.27;;
19682;-0.14;;
19688;-0.66;;
19694;-0.19;;
19700;-0.43;;
19705;-0.85;;
19711;-0.33;;
19717;-0.27;;
19722;-0.27;;
19728;-0.50;;
19734;0.56;;
19740;0.21;;
19745;0.39;;
19751;0.96;;
19757;-0.43;;
19763;-0.50;;
19768;0.60;;
19774;-0.50;;
19780;0.13;;
19785;0.13;;
19791;-0.95;;
19797;-0.83;;
19803;-0.43;;
19808;0.21;;
19814;-0.48;;
19820;-0.68;;
19826;-0.56;;
19831;-0.27;;
19837;-0.27;;
19843;-0.45;;
19848;0.04;;
19854;0.33;;
19860;-0.19;;
19866;-0.71;;
19871;-0.95;;
19877;-0.31;;
19883;0.44;;
19889;-0.66;;
19894;-0.19;;
19900;0.04;;
19906;0.15;;
19911;-0.54;;
19917;1.25;;
19923;-0.19;;
19929;-0.71;;
19934;-0.37;;
19940;-0.48;;
19946;-0.54;;
19952;0.04;;
19957;0.50;;
19963;0.50;;
19969;-1.47;;
19974;-1.35;;
19980;-1.06;;
19986;-1.18;;
19992;-1.08;;
19997;-0.39;;
20003;-0.33;;
20009;-1.55;;
20015;-0.56;;
20020;-0.77;;
20026;-0.77;;
20032;-1.06;;
20037;-0.95;;
20043;-0.77;;
20049;-1.22;;
20055;0.29;;
20060;-0.87;;
20066;-0.35;;
20072;-1.28;;
20078;-1.08;;
20083;-0.62;;
20089;-0.56;;
20095;-0.27;;
20100;-0.79;;
20106;-1.03;;
20112;-1.08;;
20118;-0.10;;
20123;-0.97;;
20129;-0.27;;
20135;-0.89;;
20141;-0.14;;
20146;-0.37;;
20152;-1.24;;
20158;-0.02;;
20163;-1.00;;
20169;-0.89;;
20175;0.27;;
20181;-0.25;;
20186;-0.48;;
20192;-0.19;;
20198;-0.37;;
20204;-0.43;;
20209;1.20;;
20215;0.73;;
20221;-0.48;;
20226;-0.14;;
20232;-0.25;;
20238;-0.25;;
20244;-0.31;;
20249;-0.89;;
20255;-0.37;;
20261;-0.37;;
20266;-0.48;;
20272;0.56;;
20278;-0.43;;
20284;-1.00;;
20289;0.27;;
20295;0.50;;
20301;-1.35;;
20307;-0.54;;
20312;-0.48;;
20318;-0.48;;
20324;-1.93;;
20329;-0.60;;
20335;-0.45;;
20341;-0.85;;
20347;-0.45;;
20352;-0.97;;
20358;-0.79;;
20364;-0.29;;
20370;-0.23;;
20375;0.00;;
20381;0.46;;
20387;-2.03;;
20392;-0.39;;
20398;0.71;;
20404;-0.50;;
20410;-0.79;;
20415;-1.03;;
20421;0.11;;
20427;-0.41;;
20433;-0.18;;
20438;-0.18;;
20444;-0.87;;
20450;-1.70;;
20455;-0.89;;
20461;-0.14;;
20467;-0.95;;
20473;-2.17;;
20478;-1.95;;
20484;-1.43;;
20490;-0.85;;
20496;-0.39;;
20501;-0.50;;
20507;-0.74;;
20513;-0.33;;
20518;-0.27;;
20524;-0.16;;
20530;-0.79;;
20536;-0.77;;
20541;0.21;;
20547;-1.29;;
20553;-0.08;;
20559;-0.37;;
20564;-0.46;;
20570;-0.87;;
20576;-0.64;;
20581;-0.23;;
20587;-0.35;;
20593;-0.16;;
20599;-0.10;;
20604;-0.97;;
20610;-0.45;;
20616;-0.91;;
20622;-0.39;;
20627;-1.08;;
20633;-2.01;;
20639;-1.66;;
20644;-1.26;;
20650;-1.08;;
20656;-0.39;;
20662;-1.20;;
20667;-0.74;;
20673;-1.20;;
20679;-1.37;;
20685;-1.55;;
20690;-1.03;;
20696;-1.08;;
20702;-1.32;;
20707;-1.16;;
20713;-0.93;;
20719;-0.81;;
20725;-0.98;;
20730;-0.58;;
20736;-1.16;;
20742;-1.10;;
20748;-0.87;;
20753;-0.53;;
20759;0.00;;
20765;-1.10;;
20770;-0.69;;
20776;-1.39;;
20782;-1.62;;
20788;-0.93;;
20793;-0.54;;
20799;-0.71;;
20805;-0.54;;
20811;-0.37;;
20816;-0.25;;
20822;0.13;;
20828;-0.45;;
20833;-0.16;;
20839;0.48;;
20845;-0.56;;
20851;0.21;;
20856;0.62;;
20862;0.15;;
20868;-2.11;;
20873;0.33;;
20879;0.41;;
20885;-0.11;;
20891;-0.46;;
20896;0.06;;
20902;-1.10;;
20908;-0.31;;
20914;-0.54;;
20919;0.10;;
20925;-0.54;;
20931;-1.99;;
20936;0.31;;
20942;-0.10;;
20948;-0.10;;
20954;-0.16;;
20959;-0.33;;
20965;0.85;;
20971;0.10;;
20977;-1.18;;
20982;-0.60;;
20988;-0.19;;
20994;-0.89;;
20999;-0.31;;
21005;-0.43;;
21011;-0.66;;
21017;-0.66;;
21022;-0.71;;
21028;-1.29;;
21034;-0.95;;
21040;-1.64;;
21045;-1.41;;
21051;-1.53;;
21057;-0.83;;
21062;-1.18;;
21068;0.27;;
21074;0.04;;
21080;-0.60;;
21085;0.04;;
21091;-0.54;;
21097;-0.48;;
21103;-0.43;;
21108;0.68;;
21114;-0.02;;
21120;-0.08;;
21125;-0.08;;
21131;0.27;;
21137;-0.21;;
21143;-0.38;;
21148;-0.73;;
21154;-0.50;;
21160;0.02;;
21166;0.64;;
21171;-0.11;;
21177;-0.11;;
21183;-0.17;;
21188;0.23;;
21194;-0.79;;
21200;0.36;;
21206;-1.03;;
21211;0.42;;
21217;-0.39;;
21223;-0.10;;
21229;0.02;;
21234;-0.27;;
21240;-0.56;;
21246;0.25;;
21251;0.25;;
21257;0.94;;
21263;-0.21;;
21269;-0.50;;
21274;-0.97;;
21280;-1.06;;
21286;-0.31;;
21292;-0.02;;
21297;-0.31;;
21303;0.33;;
21309;0.39;;
21314;0.62;;
21320;-0.08;;
21326;-0.43;;
21332;0.62;;
21337;0.15;;
21343;-0.66;;
21349;-0.60;;
21355;-0.83;;
21360;-0.25;;
21366;-0.98;;
21372;-0.35;;
21377;-0.11;;
21383;-0.75;;
21389;-0.87;;
21395;-0.31;;
21400;-0.31;;
21406;-0.37;;
21412;-0.14;;
21418;-0.37;;
21423;-0.14;;
21429;-0.14;;
21435;-0.48;;
21440;-0.89;;
21446;-0.14;;
21452;0.12;;
21458;0.06;;
21463;0.23;;
21469;0.29;;
21475;0.23;;
21481;0.00;;
21486;0.64;;
21492;0.18;;
21498;-0.35;;
21503;-0.06;;
21509;-0.21;;
21515;0.25;;
21521;0.36;;
21526;0.02;;
21532;-0.16;;
21538;0.10;;
21544;0.39;;
21549;0.21;;
21555;-0.66;;
21561;0.27;;
21566;-0.25;;
21572;-0.02;;
21578;0.50;;
21584;0.96;;
21589;0.04;;
21595;0.21;;
21601;-1.41;;
21606;-0.25;;
21612;0.91;;
21618;0.33;;
21624;0.48;;
21629;-0.21;;
21635;-0.33;;
21641;-0.27;;
21647;-0.74;;
21652;0.33;;
21658;-0.60;;
21664;-1.41;;
21669;-0.14;;
21675;0.21;;
21681;-0.19;;
21687;-0.08;;
21692;-0.25;;
21698;-0.71;;
21704;0.33;;
21710;-0.48;;
21715;-0.48;;
21721;0.62;;
21727;-1.53;;
21732;-0.14;;
21738;0.15;;
21744;-0.19;;
21750;0.27;;
21755;-0.19;;
21761;0.15;;
21767;-0.21;;
21773;0.13;;
21778;-0.74;;
21784;-0.56;;
21790;-1.49;;
21795;-0.16;;
21801;0.08;;
21807;-1.14;;
21813;-0.68;;
21818;-0.68;;
21824;-0.56;;
21830;-0.56;;
21836;-0.21;;
21841;-0.74;;
21847;-0.68;;
21853;-0.45;;
21858;0.13;;
21864;-0.85;;
21870;-0.21;;
21876;0.02;;
21881;-0.50;;
21887;-0.33;;
21893;-0.16;;
21899;-0.45;;
21904;0.42;;
21910;-0.45;;
21916;0.71;;
21921;1.00;;
21927;0.48;;
21933;0.31;;
21939;-0.50;;
21944;-0.16;;
21950;0.02;;
21956;-0.33;;
21962;-0.50;;
21967;0.04;;
21973;0.04;;
21979;-0.89;;
21984;-0.02;;
21990;-0.48;;
21996;-0.85;;
22002;-0.56;;
22007;-0.91;;
22013;-0.97;;
22019;-0.10;;
22025;-1.37;;
22030;-0.16;;
22036;-0.97;;
22042;0.08;;
22047;-0.45;;
22053;-0.91;;
22059;-0.50;;
22065;-0.10;;
22070;0.08;;
22076;-0.45;;
22082;0.27;;
22088;-0.54;;
22093;0.27;;
22099;-0.95;;
22105;-0.54;;
22110;-0.27;;
22116;0.25;;
22122;-0.91;;
22128;-0.74;;
22133;-0.45;;
22139;-0.46;;
22145;-0.29;;
22151;-0.64;;
22156;-0.06;;
22162;0.23;;
22168;-0.06;;
22173;-0.11;;
22179;0.58;;
22185;-0.11;;
22191;0.41;;
22196;0.50;;
22202;-0.31;;
22208;0.44;;
22214;-0.43;;
22219;-0.14;;
22225;-1.29;;
22231;-0.60;;
22236;-0.95;;
22242;-0.08;;
22248;-0.71;;
22254;-0.25;;
22259;0.15;;
22265;-0.43;;
22271;-0.77;;
22277;-0.66;;
22282;-0.31;;
22288;-0.08;;
22294;-0.95;;
22299;0.21;;
22305;0.27;;
22311;0.19;;
22317;1.41;;
22322;0.71;;
22328;0.08;;
22334;0.60;;
22340;0.04;;
22345;0.68;;
22351;0.79;;
22357;0.27;;
22362;-0.37;;
22368;-0.35;;
22374;-0.06;;
22380;0.52;;
22385;0.18;;
22391;-0.11;;
22397;-0.97;;
22402;1.23;;
22408;0.02;;
22414;-0.16;;
22420;0.31;;
22425;0.15;;
22431;0.68;;
22437;-0.43;;
22443;-0.14;;
22448;-0.08;;
22454;0.33;;
22460;-1.64;;
22466;-0.71;;
22471;-0.02;;
22477;0.79;;
22483;0.04;;
22488;-0.14;;
22494;0.68;;
22500;0.21;;
22506;-0.43;;
22511;0.02;;
22517;-0.21;;
22523;-2.13;;
22528;-0.45;;
22534;-0.45;;
22540;0.13;;
22546;-0.50;;
22551;-0.21;;
22557;0.36;;
22563;0.54;;
22569;0.19;;
22574;-0.21;;
22580;-0.68;;
22586;-1.90;;
22591;-0.68;;
22597;-1.06;;
22603;-0.89;;
22609;-0.54;;
22614;-0.31;;
22620;-0.77;;
22626;-0.08;;
22632;-0.37;;
22637;-0.31;;
22643;-0.14;;
22649;-0.54;;
22654;-0.66;;
22660;-0.60;;
22666;-0.43;;
22672;-1.29;;
22677;0.04;;
22683;-0.43;;
22689;0.39;;
22695;-0.02;;
22700;0.39;;
22706;0.21;;
22712;0.33;;
22717;0.21;;
22723;0.56;;
22729;0.50;;
22735;0.04;;
22740;0.79;;
22746;-0.31;;
22752;-1.24;;
22758;-1.18;;
22763;-0.43;;
22769;-0.71;;
22775;-0.43;;
22780;-0.43;;
22786;-0.37;;
22792;-0.83;;
22798;-0.45;;
22803;-0.33;;
22809;-0.79;;
22815;-0.27;;
22821;-0.21;;
22826;-0.06;;
22832;0.23;;
22838;0.29;;
22843;-1.16;;
22849;-0.81;;
22855;-1.24;;
22861;-1.29;;
22866;-1.18;;
22872;-1.35;;
22878;-1.58;;
22884;-0.69;;
22889;-0.64;;
22895;-0.29;;
22901;-0.46;;
22906;-0.17;;
22912;-0.39;;
22918;-0.21;;
22924;-1.20;;
22929;-1.32;;
22935;-1.26;;
22941;-0.56;;
22947;-0.85;;
22952;-0.74;;
22958;-0.85;;
22964;-0.79;;
22969;-0.60;;
22975;-0.89;;
22981;-0.89;;
22987;-0.60;;
22992;-0.95;;
22998;-1.26;;
23004;-0.45;;
23010;-0.74;;
23015;0.19;;
23021;-0.21;;
23027;-0.48;;
23032;-0.71;;
23038;0.04;;
23044;-0.43;;
23050;-0.60;;
23055;-0.54;;
23061;-0.48;;
23067;-3.04;;
23072;-1.06;;
23078;-0.37;;
23084;0.06;;
23090;-1.10;;
23095;0.70;;
23101;-0.69;;
23107;-0.11;;
23113;-0.11;;
23118;0.52;;
23124;-0.52;;
23130;-2.14;;
23135;0.12;;
23141;0.96;;
23147;-0.37;;
23153;-0.48;;
23158;-0.14;;
23164;-0.66;;
23170;-0.37;;
23176;-0.31;;
23181;-0.37;;
23187;-0.19;;
23193;-1.18;;
23198;0.10;;
23204;-1.47;;
23210;-0.48;;
23216;-0.77;;
23221;-1.12;;
23227;-0.71;;
23233;-1.76;;
23239;-1.06;;
23244;-0.37;;
23250;-0.89;;
23256;-0.68;;
23261;-0.21;;
23267;-0.56;;
23273;-0.68;;
23279;-1.08;;
23284;-0.25;;
23290;0.79;;
23296;0.15;;
23302;0.21;;
23307;0.62;;
23313;0.52;;
23319;0.46;;
23324;1.10;;
23330;1.04;;
23336;-0.29;;
23342;0.62;;
23347;0.85;;
23353;-0.43;;
23359;0.39;;
23365;0.85;;
23370;0.02;;
23376;-0.10;;
23382;0.65;;
23387;0.13;;
23393;-0.91;;
23399;-0.83;;
23405;0.85;;
23410;-0.08;;
23416;0.62;;
23422;-0.19;;
23428;0.44;;
23433;-0.02;;
23439;1.14;;
23445;0.96;;
23450;0.21;;
23456;0.54;;
23462;0.48;;
23468;0.36;;
23473;0.48;;
23479;0.42;;
23485;-0.45;;
23491;-0.27;;
23496;-0.39;;
23502;0.94;;
23508;1.00;;
23513;0.91;;
23519;1.08;;
23525;1.60;;
23531;0.85;;
23536;1.08;;
23542;0.83;;
23548;0.71;;
23554;0.19;;
23559;0.54;;
23565;-0.33;;
23571;-0.37;;
23576;0.39;;
23582;0.39;;
23588;-0.48;;
23594;-0.31;;
23599;-0.91;;
23605;-0.33;;
23611;0.42;;
23617;-0.56;;
23622;-0.50;;
23628;0.04;;
23634;0.21;;
23639;0.04;;
23645;-0.66;;
23651;-0.02;;
23657;0.29;;
23662;-0.53;;
23668;0.17;;
23674;-1.97;;
23679;-0.41;;
23685;-0.77;;
23691;-0.08;;
23697;0.33;;
23702;-0.25;;
